{"start": "2019-11-25 11:50:26.206605", "numbre_of_pod": "2", "cpu_limit": "200m", "memory_limit": "64Mi", "measurements": [{"requested_qps": 1300, "actualQPS": 1299.4775870525675, "cpu_used": 2.130407872, "memory_used": 13369344.0}, {"requested_qps": 1400, "actualQPS": 1399.699180851149, "cpu_used": 2.216387052, "memory_used": 12967936.0}, {"requested_qps": 1500, "actualQPS": 1499.4354885287842, "cpu_used": 2.190376294, "memory_used": 13164544.0}, {"requested_qps": 1600, "actualQPS": 1599.733030952729, "cpu_used": 2.2448694500000004, "memory_used": 13500416.0}]}