{"numbre_of_pod": "8", "cpu_limit": "50m", "memory_limit": "200Mi", "measurements": [{"requested_qps": 1300, "actualQPS": 1254.8495091000646, "cpu_used": 3.246931232, "memory_used": 53780480.0}, {"requested_qps": 1400, "actualQPS": 1399.7786432046996, "cpu_used": 3.511490311, "memory_used": 52875264.0}, {"requested_qps": 1500, "actualQPS": 1497.1864342589713, "cpu_used": 3.740755192, "memory_used": 55668736.0}, {"requested_qps": 1600, "actualQPS": 1548.3943560494872, "cpu_used": 4.129476425, "memory_used": 57053184.0}]}